[{"pk": 1, "model": "project_arrange.person", "fields": {"number": "", "name": "Mentor1", "email": ""}}, {"pk": 2, "model": "project_arrange.person", "fields": {"number": "", "name": "Reviewer1", "email": ""}}, {"pk": 3, "model": "project_arrange.person", "fields": {"number": "", "name": "Mentor2", "email": ""}}, {"pk": 4, "model": "project_arrange.person", "fields": {"number": "", "name": "Mentor3", "email": ""}}, {"pk": 5, "model": "project_arrange.person", "fields": {"number": "", "name": "Reviewer2", "email": ""}}, {"pk": 6, "model": "project_arrange.person", "fields": {"number": "", "name": "Mentor4", "email": ""}}, {"pk": 7, "model": "project_arrange.person", "fields": {"number": "", "name": "Mentor5", "email": ""}}, {"pk": 8, "model": "project_arrange.person", "fields": {"number": "", "name": "new_test1", "email": ""}}, {"pk": 9, "model": "project_arrange.person", "fields": {"number": "", "name": "new_test2", "email": ""}}, {"pk": 10, "model": "project_arrange.person", "fields": {"number": "", "name": "Reviewer3", "email": ""}}, {"pk": 11, "model": "project_arrange.person", "fields": {"number": "", "name": "Gosho", "email": ""}}, {"pk": 12, "model": "project_arrange.person", "fields": {"number": "", "name": "Pesho", "email": ""}}, {"pk": 11, "model": "project_arrange.student", "fields": {"school_class": 1, "diploma_work": 1}}, {"pk": 12, "model": "project_arrange.student", "fields": {"school_class": 2, "diploma_work": 2}}, {"pk": 1, "model": "project_arrange.expert", "fields": {"category": []}}, {"pk": 2, "model": "project_arrange.expert", "fields": {"category": []}}, {"pk": 3, "model": "project_arrange.expert", "fields": {"category": [1]}}, {"pk": 4, "model": "project_arrange.expert", "fields": {"category": [1, 2, 3]}}, {"pk": 5, "model": "project_arrange.expert", "fields": {"category": [1, 2, 3]}}, {"pk": 6, "model": "project_arrange.expert", "fields": {"category": [4]}}, {"pk": 7, "model": "project_arrange.expert", "fields": {"category": []}}, {"pk": 8, "model": "project_arrange.expert", "fields": {"category": [2, 3]}}, {"pk": 9, "model": "project_arrange.expert", "fields": {"category": [4, 5]}}, {"pk": 10, "model": "project_arrange.expert", "fields": {"category": [2]}}, {"pk": 1, "model": "project_arrange.expert", "fields": {"category": []}}, {"pk": 3, "model": "project_arrange.expert", "fields": {"category": [1]}}, {"pk": 4, "model": "project_arrange.expert", "fields": {"category": [1, 2, 3]}}, {"pk": 6, "model": "project_arrange.expert", "fields": {"category": [4]}}, {"pk": 7, "model": "project_arrange.expert", "fields": {"category": []}}, {"pk": 2, "model": "project_arrange.expert", "fields": {"category": []}}, {"pk": 5, "model": "project_arrange.expert", "fields": {"category": [1, 2, 3]}}, {"pk": 10, "model": "project_arrange.expert", "fields": {"category": [2]}}, {"pk": 1, "model": "project_arrange.category", "fields": {"keyword": "Test1"}}, {"pk": 2, "model": "project_arrange.category", "fields": {"keyword": "Test2"}}, {"pk": 3, "model": "project_arrange.category", "fields": {"keyword": "Test3"}}, {"pk": 4, "model": "project_arrange.category", "fields": {"keyword": "Test4"}}, {"pk": 5, "model": "project_arrange.category", "fields": {"keyword": "Test5"}}, {"pk": 1, "model": "project_arrange.specialty", "fields": {"spec_type": "sw"}}, {"pk": 2, "model": "project_arrange.specialty", "fields": {"spec_type": "hw"}}, {"pk": 3, "model": "project_arrange.specialty", "fields": {"spec_type": "nw"}}, {"pk": 1, "model": "project_arrange.schoolclass", "fields": {"grade": "A", "speciality": 1, "year": 2012}}, {"pk": 2, "model": "project_arrange.schoolclass", "fields": {"grade": "B", "speciality": 1, "year": 2012}}, {"pk": 3, "model": "project_arrange.schoolclass", "fields": {"grade": "V", "speciality": 2, "year": 2012}}, {"pk": 4, "model": "project_arrange.schoolclass", "fields": {"grade": "G", "speciality": 3, "year": 2012}}, {"pk": 1, "model": "project_arrange.project", "fields": {"scheduled": false, "category": [2], "title": "Test1", "commission": null, "mentor": 4, "reviewer": 5}}, {"pk": 2, "model": "project_arrange.project", "fields": {"scheduled": false, "category": [2], "title": "Test2", "commission": null, "mentor": 4, "reviewer": 2}}, {"pk": 3, "model": "project_arrange.project", "fields": {"scheduled": false, "category": [4], "title": "Test3", "commission": null, "mentor": 3, "reviewer": 10}}, {"pk": 4, "model": "project_arrange.project", "fields": {"scheduled": false, "category": [2], "title": "Test4", "commission": null, "mentor": 7, "reviewer": 10}}, {"pk": 5, "model": "project_arrange.project", "fields": {"scheduled": false, "category": [4], "title": "Test5", "commission": null, "mentor": 3, "reviewer": 10}}, {"pk": 6, "model": "project_arrange.project", "fields": {"scheduled": false, "category": [4], "title": "Test6", "commission": null, "mentor": 1, "reviewer": 5}}, {"pk": 7, "model": "project_arrange.project", "fields": {"scheduled": false, "category": [1, 2, 3, 4, 5], "title": "Test7", "commission": null, "mentor": 6, "reviewer": 10}}, {"pk": 8, "model": "project_arrange.project", "fields": {"scheduled": false, "category": [3], "title": "Test8", "commission": null, "mentor": 4, "reviewer": 2}}, {"pk": 9, "model": "project_arrange.project", "fields": {"scheduled": false, "category": [1], "title": "Test9", "commission": null, "mentor": 1, "reviewer": 10}}, {"pk": 10, "model": "project_arrange.project", "fields": {"scheduled": false, "category": [4], "title": "Test10", "commission": null, "mentor": 1, "reviewer": 10}}, {"pk": 1, "model": "project_arrange.diplomawork", "fields": {"project": 1, "completed": false}}, {"pk": 2, "model": "project_arrange.diplomawork", "fields": {"project": 4, "completed": false}}]
